id;start_date;end_date;language
1;2024-02-04T23:46:55;2024-02-05T07:42:17;SPANISH
2;2024-02-04T22:17:27;2024-02-05T06:50:36;SPANISH
3;2024-02-05T03:57:32;2024-02-04T20:06:45;ENGLISH
4;2024-02-04T18:15:28;2024-02-05T08:17:32;FRENCH
5;2024-02-05T06:26:38;2024-02-04T20:49:17;ENGLISH
6;2024-02-05T02:51:18;2024-02-05T02:23:42;ENGLISH
7;2024-02-04T12:28:49;2024-02-05T08:58:40;SPANISH
8;2024-02-04T22:06:49;2024-02-04T12:10:14;SPANISH
9;2024-02-04T14:40:19;2024-02-04T18:05:06;ENGLISH
10;2024-02-05T01:26:52;2024-02-04T10:12:30;FRENCH
